name;recclass;mass;fall;year;reclat;reclong
Aachen;L5;21;Fell;1880;50,775;6,08333
Aarhus;H6;720;Fell;1951;56,18333;10,23333
Abee;EH4;107000;Fell;1952;54,21667;-113
Acapulco;Acapulcoite;1914;Fell;1976;16,88333;-99,9
Achiras;L6;780;Fell;1902;-33,16667;-64,95
Adhi Kot;EH4;4239;Fell;1919;32,1;71,8
Adzhi-Bogdo (stone);LL3-6;910;Fell;1949;44,83333;95,16667
Agen;H5;30000;Fell;1814;44,21667;0,61667
Aguada;L6;1620;Fell;1930;-31,6;-65,23333
Aguila Blanca;L;1440;Fell;1920;-30,86667;-64,55
Aioun el Atrouss;Diogenite-pm;1000;Fell;1974;16,39806;-9,57028
A�r;L6;24000;Fell;1925;19,08333;8,38333
Aire-sur-la-Lys;Unknown;;Fell;1769;50,66667;2,33333
Akaba;L6;779;Fell;1949;29,51667;35,05
Akbarpur;H4;1800;Fell;1838;29,71667;77,95
Akwanga;H;3000;Fell;1959;8,91667;8,43333
Akyumak;Iron, IVA;50000;Fell;1981;39,91667;42,81667
Al Rais;CR2-an;160;Fell;1957;24,41667;39,51667
Al Zarnkh;LL5;700;Fell;2001;13,66033;28,96
Alais;CI1;6000;Fell;1806;44,11667;4,08333
Albareto;L/LL4;2000;Fell;1766;44,65;11,01667
Alberta;L;625;Fell;1949;2;22,66667
Alby sur Ch�ran;Eucrite-mmict;252;Fell;2002;45,82133;6,01533
Aldsworth;LL5;700;Fell;1835;51,78333;-1,78333
Aleppo;L6;3200;Fell;1873;36,23333;37,13333
Alessandria;H5;908;Fell;1860;44,88333;8,75
Alexandrovsky;H4;9251;Fell;1900;50,95;31,81667
Alfianello;L6;228000;Fell;1883;45,26667;10,15
Allegan;H5;32000;Fell;1899;42,53333;-85,88333
Allende;CV3;2e+06;Fell;1969;26,96667;-105,31667
Almahata Sitta;Ureilite-an;3950;Fell;2008;20,74575;32,41275
Alta'ameem;LL5;6000;Fell;1977;35,27333;44,21556
Ambapur Nagla;H5;6400;Fell;1895;27,66667;78,25
Andhara;Stone-uncl;2700;Fell;1880;26,58333;85,56667
Andover;L6;3200;Fell;1898;44,61667;-70,75
Andreevka;L3;600;Fell;1969;48,7;37,5
Andura;H6;17900;Fell;1939;20,88333;76,86667
Angers;L6;;Fell;1822;47,46667;-0,55
Angra dos Reis (stone);Angrite;1500;Fell;1869;-22,96667;-44,31667
Ankober;H4;6500;Fell;1942;9,53333;39,71667
Anlong;H5;2500;Fell;1971;25,15;105,18333
Aomori;L6;320;Fell;1984;40,81056;140,78556
Appley Bridge;LL6;15000;Fell;1914;53,58333;-2,71667
Apt;L6;3200;Fell;1803;43,86667;5,38333
Arbol Solo;H5;810;Fell;1954;-33;-66
Archie;H6;5070;Fell;1932;38,5;-94,3
Arroyo Aguiar;H5;7450;Fell;1950;-31,41667;-60,66667
Asco;H6;41;Fell;1805;42,45;9,03333
Ash Creek;L6;9500;Fell;2009;31,805;-97,01
Ashdon;L6;1300;Fell;1923;52,05;0,3
Assisi;H5;2000;Fell;1886;43,03333;12,55
Atarra;L4;1280;Fell;1920;25,25417;80,625
Atemajac;L6;94,2;Fell;1896;20,06667;-103,66667
Athens;LL6;265;Fell;1933;34,75;-87
Atoka;L6;1384,2;Fell;1945;34,31667;-96,15
Aubres;Aubrite;800;Fell;1836;44,38333;5,16667
Aumale;L6;50000;Fell;1865;36,16667;3,66667
Aumieres;L6;2000;Fell;1842;44,33333;3,23333
Ausson;L5;50000;Fell;1858;43,08333;0,58333
Avanhandava;H4;9330;Fell;1952;-21,46028;-49,95083
Avce;Iron, IIAB;1230;Fell;1908;46;13,5
Avilez;H;146;Fell;1855;25;-103,5
Awere;L4;134;Fell;1968;2,71667;32,83333
Aztec;L6;2830;Fell;1938;36,8;-108
Bachmut;L6;18000;Fell;1814;48,6;38
Bahjoi;Iron, IAB-sLL;10322;Fell;1934;28,48333;78,5
Bald Mountain;L4;3700;Fell;1929;35,96667;-82,48333
Baldwyn;L6;345;Fell;1922;34,5;-88,66667
Bali;CV3;1000;Fell;1907;5,38333;16,38333
Ban Rong Du;Iron, ungrouped;16700;Fell;1993;16,66667;101,18333
Bandong;LL6;11500;Fell;1871;-6,91667;107,6
Bansur;L6;15000;Fell;1892;27,7;76,33333
Banswal;L5;14;Fell;1913;30,4;78,2
Banten;CM2;629;Fell;1933;-6,33333;106
Barbotan;H5;6400;Fell;1790;43,95;-0,05
Barcelona (stone);OC;;Fell;1704;41,36667;2,16667
Barea;Mesosiderite-A1;3200;Fell;1842;42,38333;-2,5
Barnaul;H5;23,2;Fell;1904;52,73333;84,08333
Barntrup;LL4;17;Fell;1886;52;9,1
Baroti;L6;4500;Fell;1910;31,61667;76,8
Barwell;L5;44000;Fell;1965;52,56528;-1,33972
Bassikounou;H5;29560;Fell;2006;15,78333;-5,9
Baszk�wka;L5;15500;Fell;1994;52,03333;20,93583
Bath;H4;21000;Fell;1892;45,41667;-98,31667
Bath Furnace;L6;86000;Fell;1902;38,25;-83,75
Battle Mountain;L6;2900;Fell;2012;40,66813;-117,18913
Bawku;LL5;1557;Fell;1989;11,08333;-0,18333
Baxter;L6;611;Fell;1916;36,75;-93,5
Beardsley;H5;16000;Fell;1929;39,8;-101,2
Beaver Creek;H5;14000;Fell;1893;51,16667;-117,33333
Beddgelert;H5;794;Fell;1949;53,01667;-4,1
Bells;C2-ung;375;Fell;1961;33,6;-96,46667
Belville;OC;;Fell;1937;-32,33333;-64,86667
Benares (a);LL4;3700;Fell;1798;25,36667;82,91667
Benguerir;LL6;25000;Fell;2004;32,25;-8,15
Beni M'hira;L6;19000;Fell;2001;32,86667;10,8
Benld;H6;1770,5;Fell;1938;39,08333;-89,15
Benoni;H6;3880;Fell;1943;-26,16667;28,41667
Bensour;LL6;45000;Fell;2002;30;-7
Benton;LL6;2840;Fell;1949;45,95;-67,55
Berduc;L6;270;Fell;2008;-31,91;-58,32833
B�r�ba;Eucrite-mmict;18000;Fell;1924;11,65;-3,65
Berlanguillas;L6;1440;Fell;1811;41,68333;-3,8
Berthoud;Eucrite-mmict;960;Fell;2004;40,30583;-105,02325
Bethlehem;H;13,9;Fell;1859;42,53333;-73,83333
Beuste;L5;2000;Fell;1859;43,21667;-0,23333
Beyrout;LL3.8;1100;Fell;1921;33,88333;35,5
Bhagur;L6;18;Fell;1877;20,88333;74,83333
Bhawad;LL6;678;Fell;2002;26,50833;73,11528
Bherai;L6;100;Fell;1893;20,83333;71,46667
Bhola;LL3-6;1047;Fell;1940;22,68333;90,65
Bholghati;Howardite;2500;Fell;1905;22,08333;86,9
Bialystok;Eucrite-pmict;4000;Fell;1827;53,1;23,2
Bielokrynitschie;H4;1900;Fell;1887;50,13333;27,16667
Bilanga;Diogenite;25000;Fell;1999;12,45;-0,08333
Binningup;H5;488,1;Fell;1984;-33,15639;115,67639
Birni N'konni;H4;560;Fell;1923;13,76667;5,3
Bishopville;Aubrite;6000;Fell;1843;34,16667;-80,28333
Bishunpur;LL3.15;1039;Fell;1895;25,38333;82,6
Bjelaja Zerkov;H6;1850;Fell;1796;49,78333;30,16667
Bjurb�le;L/LL4;330000;Fell;1899;60,4;25,8
Black Moshannan Park;L5;705;Fell;1941;40,91667;-78,08333
Blackwell;L5;2381;Fell;1906;36,83333;-97,33333
Blanket;L6;5100;Fell;1909;31,83333;-98,83333
Blansko;H6;470;Fell;1833;49,36667;16,63333
Bloomington;LL6;67,8;Fell;1938;40,48;-89,00417
Bo Xian;LL3.9;7500;Fell;1977;33,83333;115,83333
Bocas;L6;56;Fell;1804;23;-102
Bogou;Iron, IAB-MG;8800;Fell;1962;12,5;0,7
Boguslavka;Iron, IIAB;256000;Fell;1916;44,55;131,63333
Borgo San Donino;LL6;1676;Fell;1808;44,86667;10,05
Bori;L6;8600;Fell;1894;21,95;78,03333
Boriskino;CM2;1342;Fell;1930;54,23333;52,48333
Borkut;L5;7000;Fell;1852;48,15;24,28333
Borodino;H5;500;Fell;1812;55,46667;35,86667
Botschetschki;L4;614;Fell;1823;51,33333;33,88333
Boumdeid (2003);L6;190;Fell;2003;17,71067;-11,3715
Boumdeid (2011);L6;3599;Fell;2011;17,17493;-11,34133
Bovedy;L3;5460;Fell;1969;54,56667;-6,33333
Bradford Woods;L;762;Fell;1886;40,5;-80,08333
Braunau;Iron, IIAB;39000;Fell;1847;50,6;16,3
Breitscheid;H5;1500;Fell;1956;50,66694;8,18361
Bremerv�rde;H/L3.9;7250;Fell;1855;53,4;9,1
Brient;Eucrite-pmict;219;Fell;1933;52,13333;59,31667
Bruderheim;L6;303000;Fell;1960;53,9;-112,88333
Bukhara;CV3;5300;Fell;2001;39,77978;64,60035
Bulls Run;Iron?;2250;Fell;1964;;
Bunburra Rockhole;Eucrite;324;Fell;2007;-31,35;129,19
Bununu;Howardite;357;Fell;1942;10,01667;9,58333
Bur-Gheluai;H5;120000;Fell;1919;5;48
Burnwell;H4-an;1504;Fell;1990;37,62194;-82,23722
Bursa;L6;25000;Fell;1946;40,2;29,23333
Buschhof;L6;5000;Fell;1863;46,45;25,78333
Bustee;Aubrite;1500;Fell;1852;26,78333;82,83333
Butsura;H6;29000;Fell;1861;27,08333;84,08333
Buzzard Coulee;H4;41000;Fell;2008;52,996;-109,84817
Cabezo de Mayo;L/LL6;25000;Fell;1870;37,98333;-1,16667
Cabin Creek;Iron, IIIAB;48500;Fell;1886;35,5;-93,5
Cacak;OC;212;Fell;1919;43,83889;20,33333
Cali;H/L4;478;Fell;2007;3,405;-76,51
Calivo;Stone-uncl;2400;Fell;1916;11,75;122,33333
Campos Sales;L5;23680;Fell;1991;-7,03333;-40,16667
�anakkale;L6;4000;Fell;1964;39,8;26,6
Ca�ellas;H4;945;Fell;1861;41,25;1,66667
Cangas de Onis;H5;34000;Fell;1866;43,38333;-5,15
Canon City;H6;1400;Fell;1973;38,47028;-105,24139
Cape Girardeau;H6;2300;Fell;1846;37,26667;-89,58333
Capilla del Monte;H6;750;Fell;1934;-30,88333;-64,55
Carancas;H4-5;342;Fell;2007;-16,66444;-69,04389
Caratash;LL6;8;Fell;1902;38,5;27
Castalia;H5;7300;Fell;1874;36,08333;-78,06667
Castel Berardenga;Stone-uncl;;Fell;1791;43,35;11,5
Castine;L6;94;Fell;1848;44,38333;-68,75
Castrovillari;Stone-uncl;15000;Fell;1583;39,8;16,2
Caswell County;OC;1360;Fell;1810;36,5;-79,25
Ceniceros;L3.7;1025;Fell;1988;26,46667;-105,23333
Centerville;H5;45,6;Fell;1956;43,2;-96,91667
Cereseto;H5;6460;Fell;1840;45,08333;8,3
Chadong;L6;3700;Fell;1998;28,53333;109,31667
Chail;H6;0,5;Fell;1814;25,36667;81,66667
Chainpur;LL3.4;8200;Fell;1907;25,85;83,48333
Chajari;L5;18300;Fell;1933;-30,78333;-58,05
Chandakapur;L5;8800;Fell;1838;20,26667;76,01667
Chandpur;L6;1100;Fell;1885;27,28333;79,05
Changde;H5;1810;Fell;1977;29,08333;111,75
Chantonnay;L6;31500;Fell;1812;46,68333;1,05
Charlotte;Iron, IVA;4300;Fell;1835;36,16667;-87,33333
Charsonville;H6;27000;Fell;1810;47,93333;1,56667
Charwallas;H6;12000;Fell;1834;29,48333;75,5
Chassigny;Martian (chassignite);4000;Fell;1815;47,71667;5,36667
Ch�teau-Renard;L6;30000;Fell;1841;47,93333;2,91667
Chaves;Howardite;2945;Fell;1925;41,93333;-7,46667
Chela;H4;2936;Fell;1988;-3,66667;32,5
Chelyabinsk;LL5;100000;Fell;2013;54,81667;61,11667
Chergach ;H5;100000;Fell;2007;23,69639;-5,01472
Chernyi Bor;H4;6000;Fell;1964;53,7;30,1
Cherokee Springs;LL6;8400;Fell;1933;35,03333;-81,88333
Chervettaz;L5;705;Fell;1901;46,55;6,81667
Chervony Kut;Eucrite-mmict;1700;Fell;1939;50,83333;34
Chetrinahatti;Stone-uncl;72;Fell;1880;14,5;76,5
Chiang Khan;H6;367;Fell;1981;17,9;101,63333
Chicora;LL6;303;Fell;1938;40,93333;-79,73333
Chisenga;Iron, IIIAB;3920;Fell;1988;-10,05944;33,395
Chitado;L6;;Fell;1966;-17,35;13,96667
Chitenay;L6;4000;Fell;1978;47,47083;0,97667
Cilimus;L5;1600;Fell;1979;-6,95;108,1
Claxton;L6;1455;Fell;1984;32,1025;-81,87278
Clohars;L4;48,6;Fell;1822;;
Colby (Wisconsin);L6;104000;Fell;1917;44,9;-90,28333
Cold Bokkeveld;CM2;5200;Fell;1838;-33,13333;19,38333
Coleman;L6;469;Fell;1994;43,76111;-84,50778
Collescipoli;H5;5000;Fell;1890;42,53333;12,61667
Conquista;H4;20350;Fell;1965;-19,85;-47,55
Cosina;H5;1200;Fell;1844;21,16667;-100,86667
Cranganore;L6;1460;Fell;1917;10,2;76,26667
Crescent;CM2;78,4;Fell;1936;35,95;-97,58333
Cronstad;H5;3650;Fell;1877;-27,7;27,3
Cross Roads;H5;167;Fell;1892;35,63333;-78,13333
Crumlin;L5;4255;Fell;1902;54,61667;-6,21667
Cumberland Falls;Aubrite;17000;Fell;1919;36,83333;-84,35
Cynthiana;L/LL4;6000;Fell;1877;38,4;-84,25
Dahmani;LL6;18000;Fell;1981;35,61667;8,83333
Dandapur;L6;5650;Fell;1878;26,91667;83,96667
Daniel's Kuil;EL6;1064;Fell;1868;-28,2;24,56667
Danville;L6;2000;Fell;1868;34,4;-87,06667
Darmstadt;H5;100;Fell;1804;49,86667;8,65
Dashoguz;H5;7000;Fell;1998;41,98444;59,685
Daule;L5;6580;Fell;2008;-1,87089;-79,95756
De Cewsville;H6;340;Fell;1887;43;-80
Deal;L6;28;Fell;1829;40,25;-74
Delhi;L5;0,8;Fell;1897;28,56667;77,25
Demina;L6;16400;Fell;1911;51,46667;84,76667
Denver;L6;230;Fell;1967;39,7825;-104,93056
Dergaon;H5;12500;Fell;2001;26,68333;93,86667
Desuri;H6;25400;Fell;1962;25,73333;73,61667
Devgaon;H3.8;12000;Fell;2001;19;81
Devri-Khera;L6;1140;Fell;1994;24,225;76,525
Dhajala;H3.8;45000;Fell;1976;22,37778;71,42722
Dharwar;OC;1800;Fell;1848;14,88333;75,6
Dhurmsala;LL6;32000;Fell;1860;32,23333;76,46667
Didim;H3-5;3396;Fell;2007;37,35172;27,32997
Diep River;L6;1000;Fell;1906;-33,75;18,56667
Distrito Quebracho;H4;400;Fell;1957;-31,88333;-60,46667
Djati-Pengilon;H6;166000;Fell;1884;-7,5;111,5
Djermaia;H;3950;Fell;1961;12,73333;15,05
Djoumine;H5-6;10000;Fell;1999;36,95;9,55
Dokachi;H5;3840;Fell;1903;23,5;90,33333
Dolgovoli;L6;1600;Fell;1864;50,75;25,3
Domanitch;L5;438;Fell;1907;40;29
Dong Ujimqin Qi;Mesosiderite;128800;Fell;1995;45,5;119,03333
Donga Kohrod;H6;230;Fell;1899;21,86667;82,45
Dongtai;LL6;5500;Fell;1970;32,91667;120,78333
Doroninsk;H5-7;3891;Fell;1805;51,2;112,3
Dosso;L6;1250;Fell;1962;13,05;3,16667
Douar Mghila;LL6;1161;Fell;1932;32,33333;-6,3
Dowa;Stone-uncl;642;Fell;1976;-13,66667;33,91667
Drake Creek;L6;5000;Fell;1827;36,4;-86,5
Dresden (Ontario);H6;47700;Fell;1939;42,52;-82,26
Dubrovnik;L3-6;1900;Fell;1951;42,45833;18,44167
Dunbogan;L6;30;Fell;1999;-31,66667;152,83333
Dundrum;H5;2270;Fell;1865;52,55;-8,03333
Dunhua;Stone-uncl;;Fell;1976;43,33333;128,25
Durala;L6;13200;Fell;1815;30,3;76,63333
Duruma;L6;577;Fell;1853;-4;39,5
Duwun;L6;2117;Fell;1943;33,43333;127,26667
Dwaleni;H4-6;3230;Fell;1970;-27,2;31,31667
Dyalpur;Ureilite;300;Fell;1872;26,25;82
Dyarrl Island;Mesosiderite-A1;188;Fell;1933;-3;151
Eagle;EL6;10000;Fell;1947;40,78167;-96,47167
Ehole;H5;2400;Fell;1961;-17,3;15,83333
Eichst�dt;H5;3000;Fell;1785;48,9;11,21667
Ekeby;H4;3336;Fell;1939;56,03333;13
Ekh Khera;H6;840;Fell;1916;28,26667;78,78333
El Idrissia;L6;10000;Fell;1989;34,41667;3,25
El Paso de Aguila;H5;17226;Fell;1977;25,37;-97,37
El Tigre;L6;5000;Fell;1993;19,96722;-103,05167
Elbert;LL6;680,5;Fell;1998;39,24667;-104,58817
Elbogen;Iron, IID;107000;Fell;1400;50,18333;12,73333
Elenovka;L5;54640;Fell;1951;47,83333;37,66667
Ellemeet;Diogenite;1470;Fell;1925;51,75;4
Emmaville;Eucrite-mmict;127;Fell;1900;-29,46667;151,61667
Enshi;H5;8000;Fell;1974;30,3;109,5
Ensisheim;LL6;127000;Fell;1492;47,86667;7,35
�pinal;H5;277;Fell;1822;48,18333;6,46667
Erakot;CM2;113;Fell;1940;19,03333;81,89167
Erevan;Howardite;107,2;Fell;1911;40,3;44,5
Ergheo;L5;20000;Fell;1889;1,16667;44,16667
Erxleben;H6;2250;Fell;1812;52,21667;11,25
Esnandes;L6;1500;Fell;1837;46,25;-1,1
Essebi;C2-ung;500;Fell;1957;2,88333;30,83333
Estherville;Mesosiderite-A3/4;320000;Fell;1879;43,41667;-94,83333
Farmington;L5;89400;Fell;1890;39,75;-97,03333
Farmville;H4;56000;Fell;1934;35,55;-77,53333
Favars;H5;1500;Fell;1844;44,38333;2,81667
Fayetteville;H4;2360;Fell;1934;36,05;-94,16667
Feid Chair;H4;380;Fell;1875;36,88333;8,45
Felix;CO3.3;3200;Fell;1900;32,53333;-87,16667
Fenghsien-Ku;H5;82;Fell;1924;34,6;116,75
Ferguson;OC;220;Fell;1889;36,1;-81,41667
Fermo;H3-5;10200;Fell;1996;43,18111;13,75333
Fisher;L6;17600;Fell;1894;47,81667;-96,85
Florence;H3;3640;Fell;1922;30,83333;-97,76667
Forest City;H5;152000;Fell;1890;43,25;-93,66667
Forest Vale;H4;26000;Fell;1942;-33,35;146,85833
Forksville;L6;6067;Fell;1924;36,78333;-78,08333
Forsbach;H6;240;Fell;1900;50,95;7,31667
Forsyth;L6;16300;Fell;1829;33,01667;-83,96667
Fort Flatters;Stone-uncl;;Fell;1944;28,25;7
Frankfort (stone);Howardite;650;Fell;1868;34,48333;-87,83333
Fuhe;L5;23000;Fell;1945;31,47556;113,56694
Fukutomi;L5;11620;Fell;1882;33,18333;130,2
F�nen;Stone-uncl;;Fell;1654;55,33333;10,33333
Futtehpur;L6;4000;Fell;1822;25,95;80,81667
Fuyang;Stone-uncl;2500;Fell;1977;32,9;115,9
Galapian;H6;132,7;Fell;1826;44,3;0,4
Galim (a);LL6;36,1;Fell;1952;7,05;12,43333
Galim (b);EH3/4-an;28;Fell;1952;7,05;12,43333
Galkiv;H4;5000;Fell;1995;51,68333;30,78333
Gambat;L6;6400;Fell;1897;27,35;68,53333
Gao-Guenie;H5;;Fell;1960;11,65;-2,18333
Garhi Yasin;Iron, IIE;380;Fell;1917;27,88333;68,53333
Garland;Diogenite-pm;102;Fell;1950;41,68333;-112,13333
Gashua;L6;4162;Fell;1984;12,85;11,03333
Gasseltepaoua;H5;;Fell;2000;14,15083;-2,04167
Geidam;H5;725;Fell;1950;12,91667;11,91667
Gifu;L6;14290;Fell;1909;35,53333;136,88333
Girgenti;L6;18000;Fell;1853;37,31667;13,56667
Git-Git;L6;480;Fell;1947;9,6;9,91667
Glanerbrug;L/LL5;670;Fell;1990;52,2;6,86667
Glanggang;H5-6;1303;Fell;1939;-7,25;107,7
Glasatovo;H4;152000;Fell;1918;57,35;37,61667
Glatton;L6;767;Fell;1991;52,45972;-0,3
Gnadenfrei;H5;1750;Fell;1879;50,66667;16,76667
Gopalpur;H6;1600;Fell;1865;24,23333;89,05
Gorlovka;H3.7;3618;Fell;1974;48,28333;38,08333
Granes;L6;9000;Fell;1964;42,9;2,25
Grefsheim;L5;45,5;Fell;1976;60,66667;11
Grimsby;H5;215;Fell;2009;43,2;-79,61667
Grosnaja;CV3;3500;Fell;1861;43,66667;45,38333
Gross-Divina;H5;10500;Fell;1837;49,26667;18,71667
Grossliebenthal;L6;8000;Fell;1881;46,35;30,58333
Gr�neberg;H4;1000;Fell;1841;51,93333;15,5
Grzempach;H5;690;Fell;1910;52,86667;16,63333
Gualeguaych�;H6;22000;Fell;1932;-33;-58,61667
Guangmingshan;H5;2910;Fell;1996;39,80417;122,76389
Guangnan;L6;;Fell;1983;24,1;105
Guangrao;L6;1900;Fell;1980;37,1;118,4
Guare�a;H6;39000;Fell;1892;38,73333;-6,01667
Gu�a;Stone-uncl;1915;Fell;1891;43,76667;20,23333
Guibga;L5;288;Fell;1972;13,5;-0,68333
Guidder;LL5;968;Fell;1949;9,91667;13,98333
Gujargaon;H5;2449;Fell;1982;22,98333;76,05
Gujba;CBa;100000;Fell;1984;11,49167;11,65833
Gumoschnik;H5;5700;Fell;1904;42,9;24,7
Gurram Konda;L6;28;Fell;1814;13,78333;78,56667
Gursum;H4/5;34650;Fell;1981;9,36667;42,41667
G�tersloh;H3/4;1000;Fell;1851;51,91667;8,38333
Gyokukei;OC;1320;Fell;1930;35;127,5
Hachi-oji;H?;0,2;Fell;1817;35,65;139,33333
Hainaut;H3-6;9000;Fell;1934;50,31667;3,73333
Hallingeberg;L3.4;1456;Fell;1944;57,81667;16,23333
Hamlet;LL4;3710;Fell;1959;41,38333;-86,6
Haraiya;Eucrite-mmict;1000;Fell;1878;26,8;82,53333
Haripura;CM2;315;Fell;1921;28,38333;75,78333
Harleton;L6;8360;Fell;1961;32,675;-94,51167
Harrison County;L6;680;Fell;1859;38,25;-86,16667
Hashima;H4;1110,6;Fell;1910;35,2945;136,70033
Hassi-Jekna;Iron, IAB-sHL;1250;Fell;1890;28,95;0,81667
Hatford;Stone-uncl;29000;Fell;1628;51,65;-1,51667
Haver�;Ureilite;1544;Fell;1971;60,24556;22,06194
Hedeskoga;H5;3500;Fell;1922;55,46667;13,78333
Hedjaz;L3.7-6;6100;Fell;1910;27,33333;35,66667
Heredia;H5;1000;Fell;1857;10;-84,1
Hessle;H5;20000;Fell;1869;59,85;17,66667
Higashi-koen;H5;750;Fell;1897;33,6;130,43333
High Possil;L6;4500;Fell;1804;55,9;-4,23333
Hiroshima;H5;414;Fell;2003;34,45;132,38333
Hoima;H6;167,7;Fell;2003;1,345;31,47278
H�kmark;L4;305,5;Fell;1954;64,43333;21,2
Holbrook;L/LL6;220000;Fell;1912;34,9;-110,18333
Holetta;Stone-uncl;1415;Fell;1923;9,06667;38,41667
Homestead;L5;230000;Fell;1875;41,8;-91,86667
Honolulu;L5;2420;Fell;1825;21,3;-157,86667
Hotse;L6;180;Fell;1956;35,66667;115,5
Hoxie;OC;266,1;Fell;1963;39,35;-100,45
Hraschina;Iron, IID;49000;Fell;1751;46,1;16,33333
Huaxi;H5;1600;Fell;2010;26,46469;106,63241
Hungen;H6;112;Fell;1877;50,3;8,91667
Hvittis;EL6;14000;Fell;1901;61,18333;22,68333
Ibbenb�ren;Diogenite;2000;Fell;1870;52,28333;7,7
Ibitira;Eucrite-mmict;2500;Fell;1957;-20;-45
Ibrisim;OC;;Fell;1949;38;35
Ichkala;H6;3973;Fell;1936;58,2;82,93333
Idutywa;H5;3457;Fell;1956;-32,1;28,33333
Iguaracu;H5;1200;Fell;1977;-23,2;-51,83333
Ijopega;H6;7330;Fell;1975;-6,03333;145,36667
Indarch;EH4;27000;Fell;1891;39,75;46,66667
Independence;L6;880;Fell;1917;39,08333;-94,4
Inner Mongolia;L6;3000;Fell;1963;41;112
Innisfree;L5;4576;Fell;1977;53,415;-111,3375
Ipiranga;H6;7000;Fell;1972;-25,5;-54,5
Ishinga;H;1300;Fell;1954;-8,93333;33,8
Isthilart;H5;3050;Fell;1928;-31,18333;-57,95
Itapicuru-Mirim;H5;2024;Fell;1879;-3,4;-44,33333
Itqiy;EH7-an;4720;Fell;1990;26,59083;-12,95217
Ivuna;CI1;704,5;Fell;1938;-8,41667;32,43333
Jackalsfontein;L6;48000;Fell;1903;-32,5;21,9
Jajh deh Kot Lalu;EL6;973;Fell;1926;26,75;68,41667
Jalanash;Ureilite;700;Fell;1990;;
Jalandhar;Iron;1967;Fell;1621;31;75
Jamkheir;H6;22;Fell;1866;18,75;75,33333
Jartai;L6;20500;Fell;1979;39,7;105,8
Jelica;LL6;34000;Fell;1889;43,83333;20,44167
Jemlapur;L6;450;Fell;1901;;
Jesenice;L6;3667;Fell;2009;46,42137;14,05217
Jhung;L5;5900;Fell;1873;31,3;72,38333
Jiange;H5;222;Fell;1964;31,91667;104,91667
Jianshi;Iron, IIIAB;600000;Fell;1890;30,80833;109,5
Jilin;H5;4e+06;Fell;1976;44,05;126,16667
Jodiya;L5;100;Fell;2006;22,68;70,31333
Jodzie;Howardite;30;Fell;1877;55,7;24,4
Johnstown;Diogenite;40300;Fell;1924;40,35;-104,9
Jolomba;LL6;483;Fell;1974;-11,85;15,83333
Jonzac;Eucrite-mmict;5000;Fell;1819;45,43333;-0,45
Juancheng;H5;100000;Fell;1997;35,5;115,41667
Judesegeri;H6;680;Fell;1876;12,85;76,8
Jumapalo;L6;32490;Fell;1984;-7,71667;111,2
Junan;L6;950;Fell;1976;35,2;118,8
Juromenha;Iron, IIIAB;25250;Fell;1968;38,74028;-7,27
Juvinas;Eucrite-mmict;91000;Fell;1821;44,71667;4,3
Kaba;CV3;3000;Fell;1857;47,35;21,3
Kabo;H4;13400;Fell;1971;11,85;8,21667
Kadonah;H6;89;Fell;1822;27,08333;78,33333
Kaee;H5;230;Fell;1838;27,25;79,96667
Kagarlyk;L6;1900;Fell;1908;49,86667;30,83333
Kaidun;CR2;2000;Fell;1980;15;48,3
Kainsaz;CO3.2;200000;Fell;1937;55,43333;53,25
Kakangari;K3;350;Fell;1890;12,38333;78,51667
Kakowa;L6;577;Fell;1858;45,13333;21,66667
Kalaba;H4;950;Fell;1951;-6,83333;29,5
Kalumbi;L6;4500;Fell;1879;17,83333;73,98333
Kamalpur;L6;2770;Fell;1942;26,03333;81,46667
Kamiomi;H5;448;Fell;1913;36,04167;139,95667
Kamsagar;L6;1293;Fell;1902;14,18333;75,8
Kandahar (Afghanistan);L6;299;Fell;1959;31,6;65,78333
Kangean;H5;1630;Fell;1908;-7;115,5
Kangra Valley;H5;400;Fell;1897;32,08333;76,3
Kapoeta;Howardite;11355;Fell;1942;4,7;33,63333
Kaprada;L5/6;1600;Fell;2004;20,33916;73,22329
Kaptal-Aryk;L6;3500;Fell;1937;42,45;73,36667
Karakol;LL6;3000;Fell;1840;47,21667;81,01667
Karatu;LL6;2220;Fell;1963;-3,5;35,58333
Karewar;L6;180;Fell;1949;12,9;7,15
Karkh;L6;22000;Fell;1905;27,8;67,16667
Karloowala;L6;2950;Fell;1955;31,58333;71,6
Karoonda;CK4;41730;Fell;1930;-35,08333;139,91667
Kasamatsu;H;710;Fell;1938;35,36667;136,76667
Kasauli;H4;16820;Fell;2003;29,58333;77,58333
Katagum;L6;1500;Fell;1999;11,33333;10,08333
Kavarpura;Iron, IIE-an;6800;Fell;2006;25,14333;75,81333
Kayakent;Iron, IIIAB;85000;Fell;1961;39,26333;31,78
Kediri;L4;3300;Fell;1940;-7,75;112,01667
Kemer;L4;5760;Fell;2008;36,54194;29,41822
Kendleton;L4;6937;Fell;1939;29,45;-96
Kendrapara;H4-5;6669,2;Fell;2003;20,4625;86,70278
Kerilis;H5;5000;Fell;1874;48,4;-3,3
Kernouve;H6;80000;Fell;1869;48,11667;-3,08333
Kesen;H4;135000;Fell;1850;38,98333;141,61667
Khairpur;EL6;13600;Fell;1873;29,53333;72,3
Khanpur;LL5;3698;Fell;1932;25,55;83,11667
Kharkov;L6;1500;Fell;1787;50,625;35,075
Kheragur;L6;450;Fell;1860;26,95;77,88333
Khetri;H6;100;Fell;1867;28,01667;75,81667
Khmelevka;L5;6109;Fell;1929;56,75;75,33333
Khohar;L3.6;9700;Fell;1910;25,1;81,53333
Khor Temiki;Aubrite;3200;Fell;1932;16;36
Kidairat;H6;100000;Fell;1983;14;28
Kiel;L6;737,6;Fell;1962;54,4;10,15
Kiffa;H5;1500;Fell;1970;16,58333;-11,33333
Kijima (1906);Stone-uncl;331;Fell;1906;36,85;138,38333
Kikino;H6;195;Fell;1809;55;34
Kilabo;LL6;19000;Fell;2002;12,76667;9,8
Kilbourn;H5;772;Fell;1911;43,58333;-89,6
Killeter;H6;140;Fell;1844;54,66667;-7,66667
Kingai;H6;67,4;Fell;1967;11,63333;24,68333
Kirbyville;Eucrite-mmict;97,7;Fell;1906;30,75;-95,95
Kisvars�ny;L6;1550;Fell;1914;48,16667;22,30833
Kitchener;L6;202,6;Fell;1998;43,38333;-80,38333
Klein-Wenden;H6;3250;Fell;1843;51,6;10,8
Knyahinya;L/LL5;500000;Fell;1866;48,9;22,4
Kobe;CK4;136;Fell;1999;34,73333;135,16667
Kokubunji;L6;11510;Fell;1986;34,3;133,95
Komagome;Iron;238;Fell;1926;35,73333;139,75
Konovo;LL5;90;Fell;1931;42,51667;26,16667
Ko?ice;H5;4300;Fell;2010;48,76367;21,17633
Kr�henberg;LL5;16500;Fell;1869;49,32694;7,46472
Krasnoi-Ugol;L6;2440;Fell;1829;54,03333;40,9
Krasnyi Klyuch;H5;4000;Fell;1946;54,33333;56,08333
Krutikha;OC;845,2;Fell;1906;56,8;77
Krymka;LL3.2;50000;Fell;1946;47,83333;30,76667
Kukschin;L6;2250;Fell;1938;51,15;31,7
Kulak;L5;453,6;Fell;1961;30,73111;66,80222
Kuleschovka;L6;6000;Fell;1811;50,75;33,5
Kulp;H6;3719;Fell;1906;41,11667;45
Kunashak;L6;200000;Fell;1949;55,78333;61,36667
Kunya-Urgench;H5;1.1e+06;Fell;1998;42,25;59,2
Kushiike;OC;4460;Fell;1920;37,05;138,38333
Kusiali;L6;5;Fell;1860;29,68333;78,38333
Kutais;H5;23;Fell;1977;44,51667;39,3
Kuttippuram;L6;45000;Fell;1914;10,83333;76,03333
Kuznetzovo;L6;4047;Fell;1932;55,2;75,33333
Kyushu;L6;45000;Fell;1886;32,03333;130,63333
La B�casse;L6;2800;Fell;1879;47,08333;1,75
La Charca;OC;399;Fell;1878;20,66667;-101,28333
La Colina;H5;2000;Fell;1924;-37,33333;-61,53333
La Criolla;L6;45000;Fell;1985;-31,23333;-58,16667
Laborel;H5;3833;Fell;1871;44,28333;5,58333
Lahrauli;Ureilite;900;Fell;1955;26,78333;82,71667
L'Aigle;L6;37000;Fell;1803;48,76667;0,63333
Lakangaon;Eucrite-mmict;212,5;Fell;1910;21,86667;76,03333
Lalitpur;L6;372;Fell;1887;24,45;78,56667
Lanc�;CO3.5;51700;Fell;1872;47,7;1,06667
Lancon;H6;7000;Fell;1897;43,75;5,11667
L�nghalsen;L6;2300;Fell;1947;58,85;16,73333
Lanxi;L6;1282;Fell;1986;46,24167;126,19611
Lanzenkirchen;L4;7000;Fell;1925;47,75;16,23333
Laochenzhen;H5;14250;Fell;1987;33,13333;115,16667
Launton;L6;1060;Fell;1830;51,9;-1,11667
Lavrentievka;L6;800;Fell;1938;52,45;51,56667
Le Pressoir;H5;3000;Fell;1845;47,16667;0,43333
Le Teilleul;Howardite;780;Fell;1845;48,53333;-0,86667
Leedey;L6;51500;Fell;1943;35,88333;-99,33333
Leeuwfontein;L6;460;Fell;1912;-25,66667;28,36667
Leighlinbridge;L6;271,4;Fell;1999;52,66667;-6,96667
Leighton;H5;877;Fell;1907;34,58333;-87,5
Leonovka;L6;700;Fell;1900;52,26667;32,85
Les Ormes;L6;125;Fell;1857;48,35;3,25
Lesves;L6;2000;Fell;1896;50,36667;4,73333
Lichtenberg;H6;4000;Fell;1973;-26,15;26,18333
Lillaverke;H5;6862;Fell;1930;56,65;15,86667
Limerick;H5;50000;Fell;1813;52,56667;-8,78333
Linum;L6;1862;Fell;1854;52,75;12,9
Lishui;L5;498;Fell;1978;31,63333;118,98333
Lissa;L6;12800;Fell;1808;50,2;14,85
Little Piney;L5;491;Fell;1839;37,91667;-92,08333
Lixna;H4;5213;Fell;1820;56;26,43333
Lodran;Lodranite;1000;Fell;1868;29,53333;71,8
Lohawat;Howardite;40000;Fell;1994;26,96556;72,62667
Lorton;L6;329,7;Fell;2010;38,70066;-77,21163
Los Martinez;L6;25;Fell;1894;38;-0,83333
Lost City;H5;17000;Fell;1970;36,00833;-95,15
Louisville;L6;1300;Fell;1977;38,25;-85,75
?owicz;Mesosiderite-A3;59000;Fell;1935;52;19,91667
Lua;L5;9241;Fell;1926;24,95;75,15
Luc�;L6;3500;Fell;1768;47,85;0,48333
Lumpkin;L6;340;Fell;1869;32,03333;-84,76667
Lunan;H6;2520;Fell;1980;24,8;103,3
Lundsg�rd;L6;11000;Fell;1889;56,21667;13,03333
Luotolax;Howardite;885;Fell;1813;61,2;27,7
Luponnas;H3-5;14000;Fell;1753;46,21667;5
Lusaka;Unknown;;Fell;1951;-7,21667;29,43333
Mabwe-Khoywa;L5;540;Fell;1937;19;97
Macau;H5;1500;Fell;1836;-5,2;-36,66667
Machinga;L6;93200;Fell;1981;-15,21222;35,24222
Macibini;Eucrite-pmict;1995;Fell;1936;-28,83333;31,95
Madhipura;L;1000;Fell;1950;25,91667;86,36667
Madiun;L6;400;Fell;1935;-7,75;111,53333
Madrid;L6;400;Fell;1896;40,41667;-3,71667
Mafra;L3-4;600;Fell;1941;-26,16667;-49,93333
Magnesia;Iron, IAB-sHL;5000;Fell;1899;37,86667;27,51667
Magombedze;H3-5;666,6;Fell;1990;-19,48333;31,65
Mahadevpur;H4/5;70500;Fell;2007;27,66667;95,78333
Maigatari-Danduma;H5/6;4629;Fell;2004;12,83333;9,38333
Malaga;OC;150;Fell;1933;32,21667;-104
Malakal;L5;2000;Fell;1970;9,5;31,75
Malampaka;H;470;Fell;1930;-3,13333;33,51667
Malotas;H5;;Fell;1931;-28,93333;-63,23333
Malvern;Eucrite-pmict;807;Fell;1933;-29,45;26,76667
Mamra Springs;L6;1000;Fell;1927;45,21667;62,08333
Manbhoom;LL6;1700;Fell;1863;23,05;86,7
Manegaon;Diogenite;50;Fell;1843;20,96667;76,1
Mangwendi;LL6;22300;Fell;1934;-17,65;31,6
Manych;LL3.4;3555;Fell;1951;45,81667;44,63333
Mardan;H5;4500;Fell;1948;34,23333;72,08333
Maria Linden;L4;114;Fell;1925;;
Mariaville;Iron;340;Fell;1898;42,71667;-99,38333
Maribo;CM2;25,81;Fell;2009;54,76183;11,46745
Maridi;H6;3200;Fell;1941;4,66667;29,25
Marilia;H4;2500;Fell;1971;-22,25;-49,93333
Marion (Iowa);L6;28400;Fell;1847;41,9;-91,6
Marjalahti;Pallasite, PMG;45000;Fell;1902;61,5;30,5
Marmande;L5;3000;Fell;1848;44,5;0,15
Maromandia;L6;6000;Fell;2002;-14,2;48,1
Maryville;L6;1443;Fell;1983;35,8;-84,1
Mascombes;L6;1000;Fell;1836;45,36667;1,86667
Mason Gully;H5;24,54;Fell;2010;0;0
M�ssing;Howardite;1600;Fell;1803;48,13333;12,61667
Mauerkirchen;L6;19000;Fell;1768;48,18333;13,13333
Mauritius;L6;220;Fell;1801;-20;57
Mayo Belwa;Aubrite;4850;Fell;1974;8,96667;12,08333
Mazapil;Iron, IAB-sLL;4000;Fell;1885;24,68333;-101,68333
Maziba;L6;4975;Fell;1942;-1,21667;30
Mbale;L5/6;150000;Fell;1992;1,06667;34,16667
Medanitos;Eucrite-cm;31;Fell;1953;-27,25;-67,5
Meerut;H5;22;Fell;1861;29,01667;77,8
Meester-Cornelis;H5;24750;Fell;1915;-6,23333;106,88333
Menow;H4;10500;Fell;1862;53,18333;13,15
Menziswyl;L5;28,9;Fell;1903;46,81867;7,21817
Mern;L6;4000;Fell;1878;55,05;12,06667
Meru;LL6;6000;Fell;1945;0;37,66667
Merua;H5;71400;Fell;1920;25,48333;81,98333
Messina;L5;2405;Fell;1955;38,18333;15,56667
Meuselbach;L6;870;Fell;1897;50,58333;11,1
Mezel;L6;1300;Fell;1949;45,76667;3,25
Mez�-Madaras;L3.7;22700;Fell;1852;46,5;25,73333
Mhow;L6;350;Fell;1827;25,9;83,61667
Mianchi;H5;1100;Fell;1980;34,8;111,7
Middlesbrough;L6;1600;Fell;1881;54,56667;-1,16667
Mifflin;L5;3584;Fell;2010;42,9075;-90,36556
Mighei;CM2;8000;Fell;1889;48,06667;30,96667
Mihonoseki;L6;6380;Fell;1992;35,56833;133,22
Mike;L6;224,2;Fell;1944;46,23333;17,53333
Milena;L6;10000;Fell;1842;46,18333;16,1
Millbillillie;Eucrite-mmict;330000;Fell;1960;-26,45;120,36667
Miller (Arkansas);H5;16700;Fell;1930;35,4;-92,05
Minamino;L;1040;Fell;1632;35,07833;136,93333
Mineo;Pallasite;42;Fell;1826;37,28333;14,7
Min-Fan-Zhun;LL6;5500;Fell;1952;32,33333;120,66667
Minnichhof;OC;550;Fell;1905;47,7;16,6
Mirzapur;L5;8510;Fell;1910;25,68333;83,25
Misshof;H5;5800;Fell;1890;56,66667;23
Mjelleim;H;100,7;Fell;1898;61,73333;5,93333
Mocs;L5-6;300000;Fell;1882;46,8;24,03333
Modoc (1905);L6;35000;Fell;1905;38,5;-101,1
Mokoia;CV3;4500;Fell;1908;-39,63333;174,4
Molina;H5;144000;Fell;1858;38,11667;-1,16667
Molteno;Howardite;150;Fell;1953;-31,25;26,46667
Monahans (1998);H5;2587;Fell;1998;31,60833;-102,85833
Monroe;H4;8600;Fell;1849;35,25;-80,5
Monte das Fortes;L5;4885;Fell;1950;38,01667;-8,25
Monte Milone;L5;3130;Fell;1846;43,26667;13,35
Montferr�;H5;149000;Fell;1923;43,39056;1,9625
Montlivault;L6;500;Fell;1838;47,63333;1,58333
Monze;L6;;Fell;1950;-15,96667;27,35
Moore County;Eucrite-cm;1880;Fell;1913;35,41667;-79,38333
Mooresfort;H5;3520;Fell;1810;52,45;-8,33333
Moorleah;L6;8887,5;Fell;1930;-40,975;145,6
Moradabad;L6;70;Fell;1808;28,78333;78,83333
Mor�vka;H5;633;Fell;2000;49,6;18,53333
Mornans;H5;1300;Fell;1875;44,6;5,13333
Moss;CO3.6;3763;Fell;2006;59,43333;10,7
Moti-ka-nagla;H6;1500;Fell;1868;26,83333;77,33333
Motta di Conti;H4;9150;Fell;1868;45,2;8,5
Mount Browne;H6;11300;Fell;1902;-29,8;141,7
Mount Tazerzait;L5;110000;Fell;1991;18,7;4,8
Mount Vaisi;Stone-uncl;17000;Fell;1637;44,08333;6,86667
Mtola;Stone-uncl;1100;Fell;1944;-11,5;33,5
Muddoor;L5;4400;Fell;1865;12,63333;77,01667
Mulletiwu;L;25,5;Fell;1795;9,33333;80,83333
Muraid;L6;4703;Fell;1924;24,5;90,21667
Murchison;CM2;100000;Fell;1969;-36,61667;145,2
Murray;CM2;12600;Fell;1950;36,6;-88,1
Muzaffarpur;Iron, IAB-sHL;1245;Fell;1964;26,13333;85,53333
Myhee Caunta;OC;;Fell;1842;23,05;72,63333
Nadiabondi;H5;8165;Fell;1956;12;1
Nagai;L6;1810;Fell;1922;38,12167;140,06167
Nagaria;Eucrite-cm;20;Fell;1875;26,98333;78,21667
Nagy-Borov�;L5;6100;Fell;1895;49,16667;19,5
Nakhla;Martian (nakhlite);10000;Fell;1911;31,31667;30,35
Nakhon Pathom;L6;23200;Fell;1923;13,73333;100,08333
Nammianthal;H5;4500;Fell;1886;12,28333;79,2
Nan Yang Pao;L6;52900;Fell;1917;35,66667;103,5
Nanjemoy;H6;7500;Fell;1825;38,41667;-77,16667
Nantong;H6;529;Fell;1984;32,11667;121,8
Naoki;H6;17000;Fell;1928;19,25;77
Naragh;H6;2700;Fell;1974;33,75;51,5
Narellan;L6;367,5;Fell;1928;-34,05;150,68889
Narni;Stone-uncl;;Fell;921;42,51667;12,51667
Nassirah;H4;347;Fell;1936;-21,73333;165,9
Natal;Stone-uncl;1,4;Fell;1973;;
Nawapali;CM2;105;Fell;1890;21,25;83,66667
Neagari;L6;420;Fell;1995;36,44917;136,46528
Nedagolla;Iron, ungrouped;4500;Fell;1870;18,68333;83,48333
Nejo;L6;2450;Fell;1970;9,5;35,33333
Nerft;L6;10250;Fell;1864;56,5;21,5
Neuschwanstein;EL6;6189;Fell;2002;47,525;10,80833
New Concord;L6;230000;Fell;1860;40;-81,76667
New Halfa;L4;12000;Fell;1994;15,36667;35,68333
New Orleans;H5;19256;Fell;2003;29,94718;-90,10976
Ngawi;LL3.6;1393;Fell;1883;-7,45;111,41667
N'Goureyma;Iron, ungrouped;37500;Fell;1900;13,85;-4,38333
Nicorps;Stone-uncl;;Fell;1750;49,03333;-1,43333
Niger (L6);L6;3,3;Fell;1967;;
Niger (LL6);LL6;3,3;Fell;1967;;
Nikolaevka;H4;3996;Fell;1935;52,45;78,63333
Nikolskoe;L4;6000;Fell;1954;56,11667;37,33333
Ningbo;Iron, IVA;14250;Fell;1975;29,86667;121,48333
Ningqiang;C3-ung;4610;Fell;1983;32,925;105,90667
Nio;H3-4;467;Fell;1897;34,2;131,56667
N'Kandhla;Iron, IID;17200;Fell;1912;-28,56667;30,7
Nobleborough;Eucrite-pmict;2300;Fell;1823;44,08333;-69,48333
Noblesville;H4-6;483,7;Fell;1991;40,08528;-86,055
Nogata;L6;472;Fell;861;33,725;130,75
Nogoya;CM2;4000;Fell;1879;-32,36667;-59,83333
Norfork;Iron, IIIAB;1050;Fell;1918;36,21667;-92,26667
Norton County;Aubrite;1.1e+06;Fell;1948;39,68333;-99,86667
Noventa Vicentina;H4;177;Fell;1971;45,29167;11,52722
Novo-Urei;Ureilite;1900;Fell;1886;54,81667;46
Novy-Ergi;Stone-uncl;;Fell;1662;58,55;31,33333
Novy-Projekt;OC;1001;Fell;1908;56;22
Noyan-Bogdo;L6;250;Fell;1933;42,91667;102,46667
Nuevo Mercurio;H5;50000;Fell;1978;24,3;-102,13333
Nulles;H6;5000;Fell;1851;41,63333;0,75
Numakai;H4;363;Fell;1925;43,33333;141,86667
Nyaung;Iron, IIIAB;737,6;Fell;1939;21,20833;94,91667
Nyir�brany;LL5;1100;Fell;1914;47,55;22,025
Ochansk;H4;500000;Fell;1887;57,78333;55,26667
Oesede;H5;1400;Fell;1927;52,28333;8,05
Oesel;L6;6000;Fell;1855;58,5;23
Ofeh�rt�;L6;3750;Fell;1900;47,88333;22,03333
Ogi;H6;14360;Fell;1741;33,28333;130,2
Ohaba;H5;16250;Fell;1857;46,06667;23,58333
Ohuma;L5;7700;Fell;1963;6,75;8,5
Ojuelos Altos;L6;5850;Fell;1926;38,18333;-5,4
Okabe;H5;194;Fell;1958;36,18333;139,21667
Okano;Iron, IIAB;4742;Fell;1904;35,08333;135,2
Okniny;LL6;12000;Fell;1834;50,83333;25,5
Oldenburg (1930);L6;16570;Fell;1930;52,95;8,16667
Oliva-Gandia;Stone-uncl;;Fell;1520;39;-0,03333
Olivenza;LL5;150000;Fell;1924;38,71667;-7,06667
Olmedilla de Alarc�n;H5;40000;Fell;1929;39,56667;-2,1
Omolon;Pallasite, PMG;250000;Fell;1981;64,02;161,80833
Orgueil;CI1;14000;Fell;1864;43,88333;1,38333
Orlando;Eucrite;180;Fell;2004;28,5475;-81,36222
Ornans;CO3.4;6000;Fell;1868;47,11667;6,15
Ortenau;Stone-uncl;4500;Fell;1671;48,5;8
Orvinio;H6;3400;Fell;1872;42,13333;12,93333
Oter�y;L6;246;Fell;1928;58,88333;9,4
Otomi;H;6510;Fell;1867;38,4;140,35
Ottawa;LL6;840;Fell;1896;38,6;-95,21667
Ouadangou;L5;4440;Fell;2003;12,9;0,08
Oued el Hadjar;LL6;1215,5;Fell;1986;30,18;-6,57717
Oum Dreyga;H3-5;17000;Fell;2003;24,3;-13,1
Ourique;H4;20000;Fell;1998;37,60833;-8,28
Ovambo;L6;121,5;Fell;1900;-18;16
Oviedo;H5;205;Fell;1856;43,4;-5,86667
Owrucz;OC;;Fell;1775;51,33333;28,83333
Pacula;L6;3400;Fell;1881;21,05;-99,3
Padvarninkai;Eucrite-mmict;3858;Fell;1929;55,66667;25
Paitan;H6;515;Fell;1910;17,74333;120,45583
Palahatchie;OC;;Fell;1910;32,31667;-89,71667
Palca de Aparzo;L5;1430;Fell;1988;-23,11667;-65,1
Palinshih;Iron;18000;Fell;1914;43,48333;118,61667
Palmyra;L3;135;Fell;1926;39,8;-91,5
Palolo Valley;H5;682;Fell;1949;21,3;-157,78333
Pampanga;L5;10500;Fell;1859;15,08333;120,7
Pantar;H5;2130;Fell;1938;8,06667;124,28333
Paragould;LL5;408000;Fell;1930;36,06667;-90,5
Parambu;LL5;2000;Fell;1967;-6,23333;-40,7
Paranaiba;L6;100000;Fell;1956;-19,13333;-51,66667
Park Forest;L5;18000;Fell;2003;41,48472;-87,67917
Parnallee;LL3.6;77600;Fell;1857;9,23333;78,35
Parsa;EH3;800;Fell;1942;26,2;85,4
Pasamonte;Eucrite-pmict;5100;Fell;1933;36,21667;-103,4
Patora;H6;4375;Fell;1969;20,93694;82,05
Patrimonio;L6;2121;Fell;1950;-19,53333;-48,56667
Patti;Iron;12;Fell;1922;38,13333;14,96667
Patwar;Mesosiderite-A1;37350;Fell;1935;23,15;91,18333
Pavel;H5;2968;Fell;1966;43,46667;25,51667
Pavlodar (stone);H5;142,5;Fell;1938;52,3;77,03333
Pavlograd;L6;40000;Fell;1826;48,53333;35,98333
Pavlovka;Howardite;2000;Fell;1882;52,03333;43
P�;L6;;Fell;1989;11,33367;-3,54217
Peace River;L6;45760;Fell;1963;56,13333;-117,93333
Peckelsheim;Diogenite-pm;117,8;Fell;1953;51,66667;9,25
Peekskill;H6;12570;Fell;1992;41,28333;-73,91667
Pe�a Blanca Spring;Aubrite;70000;Fell;1946;30,125;-103,11667
Peramiho;Eucrite-mmict;165;Fell;1899;-10,66667;35,5
Perpeti;L6;23474;Fell;1935;23,325;91
Perth;LL5;2;Fell;1830;56,4;-3,43333
Pervomaisky;L6;66000;Fell;1933;56,63333;39,43333
Pesyanoe;Aubrite;3393;Fell;1933;55,5;66,08333
P�t�lkol�;H5;189;Fell;1995;14,052;0,42
Petersburg;Eucrite-pmict;1800;Fell;1855;35,3;-86,63333
Pettiswood;Stone-uncl;;Fell;1779;53,53333;-7,33333
Phillips County (stone);L6;57900;Fell;1901;40;-99,25
Phu Hong;H4;500;Fell;1887;11,25;108,58333
Phum Sambo;H4;7800;Fell;1933;12;105,48333
Phuoc-Binh;L5;11000;Fell;1941;15,71667;108,1
Piancaldoli;LL3.4;13,1;Fell;1968;44,24417;11,50222
Picote;Stone-uncl;;Fell;1843;41,36667;-6,23333
Pillistfer;EL6;23250;Fell;1863;58,66667;25,73333
Piplia Kalan;Eucrite-mmict;42000;Fell;1996;26,03472;73,94167
Piquetberg;H;37;Fell;1881;-32,86667;18,71667
Pirgunje;L6;842;Fell;1882;25,8;88,45
Pirthalla;H6;1161;Fell;1884;29,58333;76
Pitts;Iron, IAB-ung;3760;Fell;1921;31,95;-83,51667
Plantersville;H6;2085;Fell;1930;30,7;-96,11667
Ple?coi;L5-6;6913;Fell;2008;45,275;26,70972
Ploschkovitz;L5;39;Fell;1723;50,53333;14,11667
Pnompehn;L6;96;Fell;1868;11,58333;104,91667
Pohlitz;L5;3000;Fell;1819;50,93333;12,13333
Pokhra;H5;350;Fell;1866;26,71667;82,66667
Pollen;CM2;253,6;Fell;1942;66,34833;14,015
Pontlyfni;Winonaite;157;Fell;1931;53,03639;-4,31944
Portales Valley;H6;71400;Fell;1998;34,175;-103,295
Portugal;Stone-uncl;4500;Fell;1796;38,5;-8
Po-wang Chen;LL;665;Fell;1933;31,41667;118,5
Prambachkirchen;L6;2125;Fell;1932;48,3025;13,94083
Pribram;H5;5555;Fell;1959;49,66667;14,03333
Pricetown;L6;900;Fell;1893;39,11667;-83,85
Puerto L�pice;Eucrite-br;500;Fell;2007;39,35;-3,51667
Pulsora;H5;560;Fell;1863;23,36667;75,18333
Pultusk;H5;250000;Fell;1868;52,76667;21,26667
Punganaru;Stone-uncl;100;Fell;1811;13,33333;78,95
Putinga;L6;300000;Fell;1937;-29,03333;-53,05
Qidong;L/LL5;1275;Fell;1982;32,08333;121,5
Qingzhen;EH3;2600;Fell;1976;26,53333;106,46667
Queen's Mercy;H6;7000;Fell;1925;-30,11667;28,7
Quenggouk;H4;6045;Fell;1857;17,76667;95,18333
Quesa;Iron, IAB-ung;10750;Fell;1898;39;-0,66667
Quija;H;17450;Fell;1990;44,61667;126,13333
Quincay;L6;65;Fell;1851;46,6;0,25
Raco;H5;5000;Fell;1957;-26,66667;-65,45
Raghunathpura;Iron, IIAB;10200;Fell;1986;27,72528;76,465
Rahimyar Khan;L5;67225;Fell;1983;28,225;70,2
Rakovka;L6;9000;Fell;1878;52,98333;37,03333
Ramnagar;L6;3766;Fell;1940;26,45;82,9
Rampurhat;LL;100;Fell;1916;24,16667;87,76667
Ramsdorf;L6;4682;Fell;1958;51,88333;6,93333
Ranchapur;H4;290,4;Fell;1917;23,98333;87,08333
Rancho de la Presa;H5;300;Fell;1899;19,86667;-100,81667
Rangala;L6;3224,5;Fell;1937;25,38333;72,01667
Raoyang;L6;4910;Fell;1919;38,2;115,7
Ras Tanura;H6;6,1;Fell;1961;26,66667;50,15
Rasgrad;Stone-uncl;24700;Fell;1740;43,5;26,53333
Ratyn;Stone-uncl;910;Fell;1880;52,2;17,98333
Red Canyon Lake;H5;18,41;Fell;2007;38,13742;-119,75812
Reliegos;L5;17300;Fell;1947;42,475;-5,33333
Rembang;Iron, IVA;10000;Fell;1919;-6,73333;111,36667
Renazzo;CR2;1000;Fell;1824;44,76667;11,28333
Renca;L5;300;Fell;1925;-32,75;-65,28333
Renqiu;L6;355;Fell;1916;38,66667;116,13333
Repeev Khutor;Iron, IIF;7000;Fell;1933;48,6;45,66667
Revelstoke;CI1;1;Fell;1965;51,33333;-118,95
Rewari;L6;3332;Fell;1929;28,2;76,66667
Rich Mountain;L6;668;Fell;1903;35,03333;-83,03333
Richardton;H5;90000;Fell;1918;46,88333;-102,31667
Richland Springs;OC;1900;Fell;1980;31,25;-99,03333
Richmond;LL5;1800;Fell;1828;37,46667;-77,5
Rio Negro;L4;1310;Fell;1934;-26,1;-49,8
Rivolta de Bassi;Stone-uncl;103,3;Fell;1491;45,48333;9,51667
Rochester;H6;340;Fell;1876;41,08333;-86,28333
Rockhampton;Stone-uncl;1641;Fell;1895;-23,38333;150,51667
Roda;Diogenite;400;Fell;1871;42,3;0,55
Rodach;Stone-uncl;2900;Fell;1775;50,35;10,8
Rose City;H5;10600;Fell;1921;44,51667;-83,95
Rowton;Iron, IIIAB;3500;Fell;1876;52,76667;-2,51667
Ruhobobo;L6;465,5;Fell;1976;-1,45;29,83333
Rumuruti;R3.8-6;67;Fell;1934;0,26667;36,53333
Rupota;L4-6;6000;Fell;1949;-10,26667;38,76667
Ryechki;L5;13000;Fell;1914;51,13333;34,5
Sabetmahet;H5;1250;Fell;1855;27,43333;82,08333
Sabrum;LL6;478;Fell;1999;23,08333;91,66667
Sagan;Stone-uncl;;Fell;1636;51,53333;14,88333
Saint-Sauveur;EH5;14000;Fell;1914;43,73333;1,38333
Saint-S�verin;LL6;271000;Fell;1966;45,3;0,23333
Sakauchi;Iron;4180;Fell;1913;35,66667;136,3
Salem;L6;61,4;Fell;1981;44,97917;-122,96944
Salles;L5;9000;Fell;1798;46,05;4,63333
Salzwedel;LL5;43;Fell;1985;52,75;11,05
Samelia;Iron, IIIAB;2462;Fell;1921;25,66667;74,86667
San Juan Capistrano;H6;56;Fell;1973;33,48472;-117,6625
San Michele;L6;237;Fell;2002;43,66667;13
San Pedro de Quiles;L6;282;Fell;1956;-31,01667;-71,4
San Pedro Jacuaro;LL6;460;Fell;1968;19,76667;-100,65
Santa Barbara;L4;400;Fell;1873;-29,2;-51,86667
Santa Cruz;CM2;60;Fell;1939;24,16667;-99,33333
Santa Isabel;L6;5500;Fell;1924;-33,9;-61,7
Santa Lucia (2008);L6;4000;Fell;2008;-31,535556;-68,489444
S�o Jose do Rio Preto;H4;927;Fell;1962;-20,81;-49,38056
Saratov;L4;200000;Fell;1918;52,55;46,55
Sasagase;H;695;Fell;1688;34,71667;137,78333
Sauguis;L6;4000;Fell;1868;43,15;-0,85
Savtschenskoje;LL4;2500;Fell;1894;47,21667;29,86667
Sayama;CM2;430;Fell;1986;35,86667;139,4
Sazovice;L5;412;Fell;1934;49,23333;17,56667
Schellin;L;7000;Fell;1715;53,35;15,05
Schenectady;H5;283,3;Fell;1968;42,86083;-73,95028
Sch�nenberg;L6;8000;Fell;1846;48,11667;10,46667
Searsmont;H5;5400;Fell;1871;44,36667;-69,2
Sedik�y;L6;240;Fell;1917;38,3;27,13333
Segowlie;LL6;6930;Fell;1853;26,75;84,78333
Selakopi;H5;1590;Fell;1939;-7,23333;107,33333
Seldebourak;H5;150;Fell;1947;22,83333;4,98333
Semarkona;LL3.00;691;Fell;1940;22,25;79
Sena;H4;4000;Fell;1773;41,71667;-0,05
Senboku;H6;866;Fell;1993;39,43833;140,51167
Seoni;H6;20000;Fell;1966;21,68389;79,50083
Seres;H4;8500;Fell;1818;41,05;23,56667
Serra de Mag�;Eucrite-cm;1800;Fell;1923;-8,38333;-36,76667
Sete Lagoas;H4;350;Fell;1908;-19,46667;-44,21667
Sevilla;LL4;180;Fell;1862;37,41667;-6
Sevrukovo;L5;101000;Fell;1874;50,61667;36,6
Sfax;L6;7000;Fell;1989;34,75;10,71667
Shalka;Diogenite;4000;Fell;1850;23,1;87,3
Sharps;H3.4;1265;Fell;1921;37,83333;-76,7
Shelburne;L5;18600;Fell;1904;44,05;-80,16667
Shergotty;Martian (shergottite);5000;Fell;1865;24,55;84,83333
Sheyang;L6;605;Fell;1976;33,65;120,06667
Shikarpur;L6;3679,7;Fell;1921;25,85;87,5775
Shuangyang;H5;3900;Fell;1971;43,5;125,66667
Shupiyan;H6;5000;Fell;1912;33,71667;74,83333
Shytal;L6;3200;Fell;1863;24,33333;90,16667
Siena;LL5;3700;Fell;1794;43,11667;11,6
Sikhote-Alin;Iron, IIAB;2.3e+07;Fell;1947;46,16;134,65333
Silao;H5;1710;Fell;1995;20,93333;-101,38333
Silistra;Achondrite-ung;0,15;Fell;1917;44,11667;27,26667
Simmern;H5;1222;Fell;1920;49,98333;7,53333
Sinai;L6;1455;Fell;1916;30,9;32,48333
Sindhri;H5;8400;Fell;1901;26,21667;69,55
Sinnai;H6;2000;Fell;1956;39,3;9,2
Sioux County;Eucrite-mmict;4100;Fell;1933;42,58333;-103,66667
Sitathali;H5;1600;Fell;1875;20,91667;82,58333
Sivas;H6;40000;Fell;1989;39,82467;36,13583
Sixiangkou;L5;630;Fell;1989;32,43333;119,86667
Ski;L6;850;Fell;1848;59,73333;10,86667
Slavetic;H5;1708;Fell;1868;45,68333;15,6
Slobodka;L4;2750;Fell;1818;55;35
Soheria;OC;72,9;Fell;1960;27,13333;84,06667
Soko-Banja;LL4;80000;Fell;1877;43,66667;21,86667
Sologne;H5;54;Fell;1860;47,36667;1,73333
So?tmany;L6;1066;Fell;2011;54,00883;22,005
Sone;H5;17100;Fell;1866;35,16667;135,33333
Songyuan;L6;36900;Fell;1993;45,25;125
Sopot;OC;958;Fell;1927;44,41667;23,5
Soroti;Iron, ungrouped;2050;Fell;1945;1,7;33,63333
St. Caprais-de-Quinsac;L6;360;Fell;1883;44,75;0,05
St. Christophe-la-Chartreuse;L6;5500;Fell;1841;46,95;-1,5
St. Denis Westrem;L6;700;Fell;1855;51,05;3,75
St. Germain-du-Pinel;H6;4000;Fell;1890;48,01667;-1,15
St. Louis;H4;1000;Fell;1950;38,7;-90,23333
St. Mark's;EH5;13780;Fell;1903;-32,01667;27,41667
St. Mary's County;LL3.3;24,3;Fell;1919;38,16667;-76,38333
St. Mesmin;LL6;8300;Fell;1866;48,45;3,93333
St. Michel;L6;17000;Fell;1910;61,65;27,2
St.-Chinian;L6;134,3;Fell;1959;43,43333;2,95
St�lldalen;H5;34000;Fell;1876;59,93333;14,95
Stannern;Eucrite-mmict;52000;Fell;1808;49,28333;15,56667
Stavropol;L6;1500;Fell;1857;45,05;41,98333
Ste. Marguerite;H4;4960;Fell;1962;50,76667;3
Sterlitamak;Iron, IIIAB;325000;Fell;1990;53,66667;55,98333
Stolzenau;Stone-uncl;;Fell;1647;52,53333;9,05
Stratford;L6;50;Fell;1974;41,2;-73,13333
Strathmore;L6;13400;Fell;1917;56,58333;-3,25
Stretchleigh;Stone-uncl;10400;Fell;1623;50,38333;-3,95
St-Robert;H5;25400;Fell;1994;45,96861;-72,97806
Success;L6;3500;Fell;1924;36,48333;-90,66667
Suchy Dul;L6;815,3;Fell;1969;50,53806;16,26333
Suizhou;L6;260000;Fell;1986;31,61667;113,46667
Sulagiri;LL6;110000;Fell;2008;12,66667;78,03333
Sultanpur;L/LL6;1710,5;Fell;1916;25,93333;84,28333
Sungach;H5;637;Fell;1935;44,86667;133,16667
Supuhee;H6;7235;Fell;1865;26,71667;84,21667
Sutter's Mill;C;992,5;Fell;2012;38,80389;-120,90806
Sylacauga;H4;5560;Fell;1954;33,18836;-86,2945
Tabor;H5;7540;Fell;1753;49,4;14,65
Tadjera;L5;9000;Fell;1867;36,18333;5,41667
Tagish Lake;C2-ung;10000;Fell;2000;59,70444;-134,20139
Tahara;H4/5;1000;Fell;1991;34,72;137,305
Takenouchi;H5;720;Fell;1880;35,38333;134,9
Talampaya;Eucrite-cm;1421;Fell;1995;;
Tambakwatu;L6;10500;Fell;1975;-7,75;112,76667
Tamdakht;H5;100000;Fell;2008;31,16333;-7,015
Tan�;L5;905;Fell;1918;35,43333;136,23333
Taonan;L5;3850;Fell;1965;45,4;122,9
Tatahouine;Diogenite;12000;Fell;1931;32,95;10,41667
Tathlith;L6;2500;Fell;1967;19,38333;43,73333
Tauk;L6;6000;Fell;1929;35,13333;44,45
Tauti;L6;21000;Fell;1937;46,71667;23,5
Tenham;L6;160000;Fell;1879;-25,73333;142,95
Tennasilm;L4;28500;Fell;1872;58,03333;26,95
Thal;H6;342;Fell;1950;33,4;70,6
Thika;L6;14200;Fell;2011;-1,00278;37,15028
Thuathe;H4/5;45300;Fell;2002;-29,33333;27,58333
Tianzhang;H5;2232;Fell;1986;32,94667;118,99
Tieschitz;H/L3.6;28000;Fell;1878;49,6;17,11667
Tilden;L6;74800;Fell;1927;38,2;-89,68333
Tillaberi;L6;3000;Fell;1970;14,25;1,53333
Timochin;H5;65500;Fell;1807;54,5;35,2
Tirupati;H6;230;Fell;1934;13,63333;79,41667
Tissint;Martian (shergottite);7000;Fell;2011;29,48195;-7,61123
Tjabe;H6;20000;Fell;1869;-7,08333;111,53333
Tjerebon;L5;16500;Fell;1922;-6,66667;106,58333
Tomakovka;LL6;600;Fell;1905;47,85;34,76667
Tomatlan;H6;900;Fell;1879;20,16667;-105,21667
Tomita;L;600;Fell;1916;34,5;133,75
Tomiya;H4/5;27,5;Fell;1984;38,36667;140,86556
Tonk;CI1;7,7;Fell;1911;24,65;76,86667
